{
  "annotations": { "list": [] },
  "editable": true,
  "fiscalYearStartMonth": 0,
  "graphTooltip": 1,
  "id": null,
  "links": [],
  "panels": [
    {
      "datasource": { "type": "prometheus", "uid": "PBFA97CFB590B2093" },
      "fieldConfig": {
        "defaults": {
          "unit": "percent",
          "thresholds": {
            "mode": "absolute",
            "steps": [
              { "color": "green", "value": null },
              { "color": "yellow", "value": 60 },
              { "color": "red", "value": 85 }
            ]
          }
        },
        "overrides": []
      },
      "gridPos": { "h": 6, "w": 6, "x": 0, "y": 0 },
      "id": 1,
      "title": "CPU Usage",
      "type": "gauge",
      "targets": [
        {
          "expr": "100 - (avg(rate(node_cpu_seconds_total{mode=\"idle\"}[5m])) * 100)",
          "legendFormat": "CPU %"
        }
      ]
    },
    {
      "datasource": { "type": "prometheus", "uid": "PBFA97CFB590B2093" },
      "fieldConfig": {
        "defaults": {
          "unit": "percent",
          "thresholds": {
            "mode": "absolute",
            "steps": [
              { "color": "green", "value": null },
              { "color": "yellow", "value": 60 },
              { "color": "red", "value": 85 }
            ]
          }
        },
        "overrides": []
      },
      "gridPos": { "h": 6, "w": 6, "x": 6, "y": 0 },
      "id": 2,
      "title": "Memory Usage",
      "type": "gauge",
      "targets": [
        {
          "expr": "(1 - (node_memory_MemAvailable_bytes / node_memory_MemTotal_bytes)) * 100",
          "legendFormat": "Memory %"
        }
      ]
    },
    {
      "datasource": { "type": "prometheus", "uid": "PBFA97CFB590B2093" },
      "fieldConfig": {
        "defaults": {
          "unit": "percent",
          "thresholds": {
            "mode": "absolute",
            "steps": [
              { "color": "green", "value": null },
              { "color": "yellow", "value": 70 },
              { "color": "red", "value": 90 }
            ]
          }
        },
        "overrides": []
      },
      "gridPos": { "h": 6, "w": 6, "x": 12, "y": 0 },
      "id": 3,
      "title": "Disk Usage (/)",
      "type": "gauge",
      "targets": [
        {
          "expr": "100 - ((node_filesystem_avail_bytes{mountpoint=\"/\"} / node_filesystem_size_bytes{mountpoint=\"/\"}) * 100)",
          "legendFormat": "Disk %"
        }
      ]
    },
    {
      "datasource": { "type": "prometheus", "uid": "PBFA97CFB590B2093" },
      "fieldConfig": {
        "defaults": {
          "unit": "short",
          "thresholds": {
            "mode": "absolute",
            "steps": [
              { "color": "green", "value": null },
              { "color": "red", "value": 0 }
            ]
          }
        },
        "overrides": []
      },
      "gridPos": { "h": 6, "w": 6, "x": 18, "y": 0 },
      "id": 4,
      "title": "Targets Up",
      "type": "stat",
      "targets": [
        {
          "expr": "count(up == 1)",
          "legendFormat": "Up"
        }
      ]
    },
    {
      "datasource": { "type": "prometheus", "uid": "PBFA97CFB590B2093" },
      "fieldConfig": { "defaults": { "unit": "Bps" }, "overrides": [] },
      "gridPos": { "h": 8, "w": 12, "x": 0, "y": 6 },
      "id": 5,
      "title": "Network Traffic (Received)",
      "type": "timeseries",
      "targets": [
        {
          "expr": "rate(node_network_receive_bytes_total{device!~\"lo|veth.*|docker.*|br-.*\"}[5m])",
          "legendFormat": "{{ device }} RX"
        }
      ]
    },
    {
      "datasource": { "type": "prometheus", "uid": "PBFA97CFB590B2093" },
      "fieldConfig": { "defaults": { "unit": "Bps" }, "overrides": [] },
      "gridPos": { "h": 8, "w": 12, "x": 12, "y": 6 },
      "id": 6,
      "title": "Network Traffic (Transmitted)",
      "type": "timeseries",
      "targets": [
        {
          "expr": "rate(node_network_transmit_bytes_total{device!~\"lo|veth.*|docker.*|br-.*\"}[5m])",
          "legendFormat": "{{ device }} TX"
        }
      ]
    }
  ],
  "schemaVersion": 39,
  "tags": ["prometheus", "node", "monitoring"],
  "templating": { "list": [] },
  "time": { "from": "now-1h", "to": "now" },
  "title": "Node Overview",
  "uid": "node-overview-001"
}
